{
  "median_score_threshold": 0.0,
  "val": {
    "rmse": 0.0,
    "mae": 0.0,
    "r2": 1.0
  },
  "test": {
    "rmse": 343.65153353405105,
    "mae": 280.50295818509994,
    "r2": -311.3600841186991
  }
}